Al Athbah (Wadi AlShabak)
Al Athbah (Wadi AlShabak) - Al Athbah (Wadi AlShabak)
Al Aweer
Al Aweer - Al Aweer
Al Aweer - Al Aweer First
Al Aweer - Al Aweer Second
Al Barsha
Al Barsha - Al Barsha
Al Barsha - Al Barsha First
Al Barsha - Al Barsha Second
Al Barsha - Al Barsha Third
Al Barsha South
Al Barsha South - Al Barsha South
Al Barsha South - Al Barshaa South First
Al Barsha South - Al Barshaa South Third
Al Furjan
Al Furjan - Al Furjan
Al Garhoud
Al Garhoud - Al Garhoud
Al Jadaf
Al Jadaf - Al Jadaf
Al Khawaneej
Al Khawaneej - Al Khawaneej
Al Khawaneej - Al Khawaneej First
Al Lusaily
Al Lusaily - Al Lusaily
Al Manara
Al Manara - Al Manara
Al Mizhar
Al Mizhar - Al Mizhar
Al Mizhar - Al Mizhar First
Al Mizhar - Al Mizhar Second
Al Mizhar - Al Mizhar Third
Al Nahda
Al Nahda - Al Nahda
Al Nahda - Al Nahda First
Al Nahda - Al Nahda Second
Al Quoz
Al Quoz - Al Quoz
Al Quoz - Al Quoz First
Al Quoz - Al Quoz Fourth
Al Quoz - Al Quoz Second
Al Quoz - Al Quoz Third
Al Quoz Industrial
Al Quoz Industrial - Al Quoz Industrial
Al Quoz Industrial - Al Quoz Industrial Second
Al Qusais
Al Qusais - Al Qusais
Al Qusais - Al Qusais First
Al Qusais Industrial
Al Qusais Industrial - Al Qusais Industrial
Al Qusais Industrial - Al Qusais Industrial First
Al Qusais Industrial - Al Qusais Industrial Fourth
Al Qusais Industrial - Al Qusais Industrial Second
Al Rashidiya
Al Rashidiya - Al Rashidiya
Al Safa
Al Safa - Al Safa
Al Safa - Al Safa First
Al Safa - Al Safa Second
Al Sufouh
Al Sufouh - Al Sufouh
Al Sufouh - Al Sufouh First
Al Sufouh - Al Sufouh Second
Al Twar
Al Twar - Al Twar
Al Twar - Al Twar First
Al Twar - Al Twar Fourth
Al Twar - Al Twar Second
Al Twar - Al Twar Third
Al Warqa
Al Warqa - Al Warqa
Al Warqa - Al Warqa First
Al Warqa - Al Warqa Fourth
Al Warqa - Al Warqa Second
Al Warqa - Al Warqa Third
Al Warqa - Al Warqaa Fifth
Al Warsan
Al Warsan - Al Warsan
Al Warsan - Al Warsan First
Al Warsan - Al Warsan Fourth
Al Warsan - Al Warsan Second
Al Warsan - Al Warsan Third
Al Wasl
Al Wasl - Al Wasl
Al Yelayis
Al Yelayis - Al Yelayis 1
Al Yelayis - Al Yelayis 2
Al Yelayis - Al Yelayis 5
Arabian Ranches
Arabian Ranches - Arabian Ranches
Arabian Ranches Phase 2
Arabian Ranches Phase 2 - Arabian Ranches Phase 2
Arabian Ranches Phase 3
Arabian Ranches Phase 3 - Arabian Ranches Phase 3
Barsha Heights
Barsha Heights - Barsha Heights
Bluewaters Island
Bluewaters Island - Bluewaters Island
Bu Kadra
Bu Kadra - Bu Kadra
Bur Dubai
Bur Dubai - Al Badaa
Bur Dubai - Al Hamriya
Bur Dubai - Al Hudaiba
Bur Dubai - Al Jafiliya
Bur Dubai - Al Karama
Bur Dubai - Al Kifaf
Bur Dubai - Al Mankhool
Bur Dubai - Al Mina
Bur Dubai - Al Raffa
Bur Dubai - Al Satwa
Bur Dubai - Al Souq Al Kabeer
Bur Dubai - Bur Dubai
Bur Dubai - Oud Metha
Bur Dubai - Shindagha
Bur Dubai - Umm Hurair 1
Bur Dubai - Umm Hurair 2
Business Bay
Business Bay - Business Bay
Culture Village
Culture Village - Culture Village
Damac Lagoons
Damac Lagoons - Damac Lagoons
Deira
Deira - Abu Hail
Deira - Al Baraha
Deira - Al Buteen
Deira - Al Dhagaya
Deira - Al Khabeesi
Deira - Al Mamzer
Deira - Al Muraqqabat
Deira - Al Murar
Deira - Al Muteena
Deira - Al Ras
Deira - Al Rigga
Deira - Al Sabkha
Deira - Al Waheda
Deira - Ayal Naser
Deira - Corniche Deira
Deira - Deira
Deira - Hor Al Anz
Deira - Hor Al Anz East
Deira - Naif
Deira - Port Saeed
Deira - Rigga Al Butten
DIFC
DIFC - DIFC
Discovery Gardens
Discovery Gardens - Discovery Gardens
Downtown Dubai
Downtown Dubai - Downtown Dubai
Downtown Dubai - The Old Town
Dubai Academic & Outsource City
Dubai Academic & Outsource City - Dubai Academic & Outsource City
Dubai Airport Free Zone (DAFZA)
Dubai Airport Free Zone (DAFZA) - Dubai Airport Free Zone (DAFZA)
Dubai Creek Harbour
Dubai Creek Harbour - Dubai Creek Harbour
Dubai Festival City
Dubai Festival City - Dubai Festival City
Dubai Harbour
Dubai Harbour - Dubai Harbour
Dubai Healthcare City
Dubai Healthcare City - Dubai Healthcare City
Dubai Healthcare City Phase 2
Dubai Healthcare City Phase 2 - Dubai Healthcare City Phase 2
Dubai Industrial City
Dubai Industrial City - Dubai Industrial City
Dubai Industrial City - Dubai Industrial City First
Dubai Investment Park
Dubai Investment Park - Dubai Investment Park
Dubai Investment Park - Dubai Investment Park First
Dubai Investment Park - Dubai Investment Park Second
Dubai Islands
Dubai Islands - Dubai Islands
Dubai Land
Dubai Land - Al Barari
Dubai Land - Al Habtoor Polo Resort
Dubai Land - Al Waha
Dubai Land - Arjan
Dubai Land - Athlon by Aldar
Dubai Land - Cherrywoods
Dubai Land - City of Arabia
Dubai Land - Damac Hills
Dubai Land - Damac Hills 2
Dubai Land - Damac Island City
Dubai Land - Damac Sun City
Dubai Land - Dubai Golf City
Dubai Land - Dubai Land
Dubai Land - Dubai Lifestyle City
Dubai Land - Dubailand Residence Complex
Dubai Land - Falcon City of Wonders
Dubai Land - Ghaf Woods
Dubai Land - Global Village
Dubai Land - Haven by Aldar
Dubai Land - Living Legends
Dubai Land - Liwan
Dubai Land - Madinat Hind 3
Dubai Land - Majan
Dubai Land - Mudon
Dubai Land - Reem Mira
Dubai Land - Remraam
Dubai Land - Reportage Hills
Dubai Land - Riverside
Dubai Land - Rukan
Dubai Land - Serena
Dubai Land - The Acres
Dubai Land - The Oasis
Dubai Land - The Sustainable City
Dubai Land - The Valley
Dubai Land - The Villa
Dubai Land - The Wilds
Dubai Land - Town Square
Dubai Land - Villanova
Dubai Land - Wadi Al Safa 2
Dubai Land - Wadi Al Safa 3
Dubai Land - Wadi Al Safa 4
Dubai Land - Wadi Al Safa 5
Dubai Land - Wadi Al Safa 7
Dubai Marina
Dubai Marina - Dubai Marina
Dubai Maritime City
Dubai Maritime City - Dubai Maritime City
Dubai Production City (IMPZ)
Dubai Production City (IMPZ) - Dubai Production City (IMPZ)
Dubai Science Park (Dubiotech)
Dubai Science Park (Dubiotech) - Dubai Science Park (Dubiotech)
Dubai Silicon Oasis
Dubai Silicon Oasis - Cedre Villas
Dubai Silicon Oasis - Dubai Silicon Oasis
Dubai Silicon Oasis - Semmer Villas
Dubai South (Dubai World Central)
Dubai South (Dubai World Central) - Dubai South (Dubai World Central)
Dubai South (Dubai World Central) - Dubai South Residential District
Dubai South (Dubai World Central) - Emaar South
Dubai South (Dubai World Central) - Expo City
Dubai South (Dubai World Central) - Logistics City
Dubai Sports City
Dubai Sports City - Dubai Sports City
Dubai Sports City - Victory Heights
Dubai Studio City
Dubai Studio City - Dubai Studio City
Dubai Waterfront
Dubai Waterfront - Dubai Waterfront
Emirates Golf Club
Emirates Golf Club - Emirates Golf Club
Emirates Hills
Emirates Hills - Emirates Hills
Green Community (DIP)
Green Community (DIP) - Green Community (DIP)
Green Community (DIP) - Green Community East
Green Community (DIP) - Green Community West
International City
International City - International City
International City Phase 2 & 3
International City Phase 2 & 3 - International City Phase 2 & 3
Jebel Ali
Jebel Ali - Jebel Ali
Jebel Ali - Jebel Ali Downtown
Jebel Ali - Jebel Ali First
Jebel Ali - Jebel Ali Free Zone
Jebel Ali - Jebel Ali Hills
Jebel Ali - Jebel Ali Second
Jebel Ali - Jebel Ali Village
Jebel Ali - The Gardens
Jebel Ali Industrial
Jebel Ali Industrial - Jebel Ali Industrial
Jebel Ali Industrial - Jebel Ali Industrial Second
Jumeirah
Jumeirah - City Walk
Jumeirah - Jumeirah
Jumeirah - Jumeirah First
Jumeirah - Jumeirah Garden City
Jumeirah - Jumeirah Second
Jumeirah - Jumeirah Third
Jumeirah - La Mer
Jumeirah - Pearl Jumeirah
Jumeirah Bay Island
Jumeirah Bay Island - Jumeirah Bay Island
Jumeirah Beach Residence
Jumeirah Beach Residence - Jumeirah Beach Residence
Jumeirah Golf Estates
Jumeirah Golf Estates - Jumeirah Golf Estates
Jumeirah Heights
Jumeirah Heights - Jumeirah Heights
Jumeirah Islands
Jumeirah Islands - Jumeirah Islands
Jumeirah Lake Towers
Jumeirah Lake Towers - Jumeirah Lake Towers
Jumeirah Park
Jumeirah Park - Jumeirah Park
Jumeirah Village Circle
Jumeirah Village Circle - Jumeirah Village Circle
Jumeirah Village Triangle
Jumeirah Village Triangle - Jumeirah Village Triangle
Meaisem
Meaisem - Meaisem
Meaisem - Meaisem Second
Meydan City
Meydan City - Meydan City
Mirdif
Mirdif - Mirdif
Mohammed Bin Rashid City (MBR City)
Mohammed Bin Rashid City (MBR City) - District Eleven
Mohammed Bin Rashid City (MBR City) - District One
Mohammed Bin Rashid City (MBR City) - District Seven
Mohammed Bin Rashid City (MBR City) - Dubai Design District
Mohammed Bin Rashid City (MBR City) - Dubai Hills Estate
Mohammed Bin Rashid City (MBR City) - Horizon
Mohammed Bin Rashid City (MBR City) - Meydan One
Mohammed Bin Rashid City (MBR City) - Mohammed Bin Rashid City (MBR City)
Mohammed Bin Rashid City (MBR City) - Sobha Hartland
Mohammed Bin Rashid City (MBR City) - Sobha Hartland 2
Motor City
Motor City - Business Park Motor City
Motor City - Green Community Motor City
Motor City - Motor City
Motor City - Uptown Motorcity
Muhaisanah
Muhaisanah - Muhaisanah
Muhaisanah - Muhaisanah First
Muhaisanah - Muhaisanah Fourth
Muhaisanah - Muhaisanah Second
Muhaisanah - Muhaisanah Third
Mushrif
Mushrif - Mushrif
Mushrif Park
Mushrif Park - Mushrif Park
Nad Al Hamar
Nad Al Hamar - Nad Al Hamar
Nad Al Shiba
Nad Al Shiba - Nad Al Shiba
Nad Al Shiba - Nad Al Shiba First
Nad Al Shiba - Nad Al Shiba Fourth
Nad Al Shiba - Nad Al Shiba Second
Nad Al Shiba - Nad Al Shiba Third
Nad Shamma
Nad Shamma - Nad Shamma
Oud Al Muteena
Oud Al Muteena - Oud Al Muteena
Oud Al Muteena - Oud Al Muteena First
Palm Jebel Ali
Palm Jebel Ali - Palm Jebel Ali
Palm Jumeirah
Palm Jumeirah - Palm Jumeirah
Ras Al Khor
Ras Al Khor - Ras Al Khor
Tecom Business Park (Al Sufouh)
Tecom Business Park (Al Sufouh) - Dubai Internet City
Tecom Business Park (Al Sufouh) - Dubai Media City
Tecom Business Park (Al Sufouh) - Tecom Business Park (Al Sufouh)
The Greens and The Views
The Greens and The Views - The Greens
The Greens and The Views - The Greens and The Views
The Greens and The Views - The Views
The Hills
The Hills - The Hills
The Lakes
The Lakes - The Lakes
The Springs and The Meadows
The Springs and The Meadows - The Meadows
The Springs and The Meadows - The Springs
The Springs and The Meadows - The Springs and The Meadows
Tilal Al Ghaf
Tilal Al Ghaf - Tilal Al Ghaf
Trade Center (SZR)
Trade Center (SZR) - Trade Center (SZR)
Trade Center (SZR) - Trade Center First
Trade Center (SZR) - Trade Center Second
Umm Al Sheif
Umm Al Sheif - Umm Al Sheif
Umm Ramool
Umm Ramool - Umm Ramool
Umm Suqeim
Umm Suqeim - Umm Suqeim
Umm Suqeim - Umm Suqeim First
Umm Suqeim - Umm Suqeim Second
Umm Suqeim - Umm Suqeim Third
Wadi Al Amardi
Wadi Al Amardi - Wadi Al Amardi
Wadi Al Safa
Wadi Al Safa - Wadi Al Safa
World Islands
World Islands - World Islands
Zabeel
Zabeel - Zaabeel First
Zabeel - Zaabeel Second
Zabeel - Zabeel